{"cameraMode":{"drawMode":0,"name":"Shaded","section":"Shading Mode"},"sceneLighting":false,"audioPlay":false,"sceneViewState":{"showFog":true,"showMaterialUpdate":false,"showSkybox":true,"showFlares":true,"showImageEffects":true,"showParticleSystems":true},"in2DMode":false,"pivot":{"x":44.6171875,"y":7.172162055969238,"z":34.24971389770508},"rotation":{"x":-0.1134519949555397,"y":-0.4312516152858734,"z":0.05475860461592674,"w":-0.8934030532836914},"size":69.70567321777344,"orthographic":false}