{"cameraMode":{"drawMode":0,"name":"Shaded","section":"Shading Mode"},"sceneLighting":true,"audioPlay":false,"sceneViewState":{"showFog":true,"showMaterialUpdate":false,"showSkybox":true,"showFlares":true,"showImageEffects":true,"showParticleSystems":true},"in2DMode":false,"pivot":{"x":-19.35218048095703,"y":-9.536130905151368,"z":64.75372314453125},"rotation":{"x":-0.13782109320163728,"y":-0.02614768035709858,"z":0.0036397064104676248,"w":-0.990105390548706},"size":47.38189697265625,"orthographic":false}